id,dataset,role,question,answer,gold_theme,gold_sentiment
g0001,wellness_post_purchase.csv,hesitation,¿Qué te causaba incertidumbre antes de comprar con nosotros?,que fuera fraude,trust_legitimacy,
g0002,wellness_post_purchase.csv,hesitation,¿Qué te causaba incertidumbre antes de comprar con nosotros?,Comprar en una pagina que no conozco,trust_legitimacy,
g0003,wellness_post_purchase.csv,hesitation,¿Qué te causaba incertidumbre antes de comprar con nosotros?,que tardara mucho el envío,shipping_delivery,
g0004,wellness_post_purchase.csv,choice_driver,¿Qué te hizo comprar con nosotros antes que otra marca?,Sin quimicos,ingredients_safety,
g0005,wellness_post_purchase.csv,hesitation,¿Qué te causaba incertidumbre antes de comprar con nosotros?,que no llegue a mi ciudad,shipping_delivery,
g0006,wellness_post_purchase.csv,purchase_reason,¿Cuál es el problema más importante que esperas resolver con nuestros productos?,joint pain.,health_goal,
g0007,apparel_pdp_poll.csv,pdp_blocker,"Cuéntanos, ¿cuál es?",¿Tienen devoluciones?,customer_service_returns,
g0008,wellness_post_purchase.csv,choice_driver,¿Qué te hizo comprar con nosotros antes que otra marca?,Me urgía,other,
g0009,apparel_pdp_poll.csv,pdp_blocker,"Cuéntanos, ¿cuál es?",que talla le queda a un nino de 4 anos.,size_fit,
g0010,wellness_post_purchase.csv,choice_driver,¿Qué te hizo comprar con nosotros antes que otra marca?,Porque si funcionan,efficacy_results,
g0011,wellness_post_purchase.csv,choice_driver,¿Qué te hizo comprar con nosotros antes que otra marca?,me urgía.,other,
g0012,apparel_pdp_poll.csv,pdp_blocker,"Cuéntanos, ¿cuál es?",Ninguna gracias,other,
g0013,wellness_post_purchase.csv,choice_driver,¿Qué te hizo comprar con nosotros antes que otra marca?,Me ugía,other,
g0014,wellness_post_purchase.csv,hesitation,¿Qué te causaba incertidumbre antes de comprar con nosotros?,that it wouldn't work,efficacy_results,
g0015,wellness_post_purchase.csv,purchase_reason,¿Cuál es el problema más importante que esperas resolver con nuestros productos?,Dolor de rodills,health_goal,
g0016,fragrance_reviews.csv,review,body,Nunca llego mi pedido,shipping_delivery,Negative
g0017,wellness_post_purchase.csv,hesitation,¿Qué te causaba incertidumbre antes de comprar con nosotros?,ninguna,no_concern,
g0018,wellness_post_purchase.csv,purchase_reason,¿Cuál es el problema más importante que esperas resolver con nuestros productos?,"mejorar mi digestión, vivo inflamada",health_goal,
g0019,wellness_post_purchase.csv,choice_driver,¿Qué te hizo comprar con nosotros antes que otra marca?,Clean ingredints,ingredients_safety,
g0020,wellness_post_purchase.csv,choice_driver,¿Qué te hizo comprar con nosotros antes que otra marca?,El precio.,price_value,
g0021,wellness_post_purchase.csv,choice_driver,¿Qué te hizo comprar con nosotros antes que otra marca?,Sigo a la nutrióloga enInstagram y la recomienda,social_proof,
g0022,wellness_post_purchase.csv,choice_driver,¿Qué te hizo comprar con nosotros antes que otra marca?,se nota la diferencia,efficacy_results,
g0023,fragrance_reviews.csv,review,body,Excelente. Me encanta 😍,other,Positive
g0024,wellness_post_purchase.csv,hesitation,¿Qué te causaba incertidumbre antes de comprar con nosotros?,Que no llegue a mi ciudad,shipping_delivery,
g0025,wellness_post_purchase.csv,purchase_reason,¿Cuál es el problema más importante que esperas resolver con nuestros productos?,controlar la ansiedad.,health_goal,
g0026,wellness_post_purchase.csv,choice_driver,¿Qué te hizo comprar con nosotros antes que otra marca?,El precio,price_value,
g0027,wellness_post_purchase.csv,purchase_reason,¿Cuál es el problema más importante que esperas resolver con nuestros productos?,Cansancio todo el tiempo,health_goal,
g0028,wellness_post_purchase.csv,choice_driver,¿Qué te hizo comprar con nosotros antes que otra marca?,Me lo recomendo una amiga,social_proof,
g0029,wellness_post_purchase.csv,choice_driver,¿Qué te hizo comprar con nosotros antes que otra marca?,Siempre les compro,repeat_loyalty,
g0030,wellness_post_purchase.csv,hesitation,¿Qué te causaba incertidumbre antes de comprar con nosotros?,Que fuera puro marketing,efficacy_results,
g0031,wellness_post_purchase.csv,choice_driver,¿Qué te hizo comprar con nosotros antes que otra marca?,Mi hermana los usa y le fue muy bien,social_proof,
g0032,wellness_post_purchase.csv,purchase_reason,¿Cuál es el problema más importante que esperas resolver con nuestros productos?,se me cae mucho el cabello,health_goal,
g0033,wellness_post_purchase.csv,purchase_reason,¿Cuál es el problema más importante que esperas resolver con nuestros productos?,Resistencia a la insulina,health_goal,
g0034,wellness_post_purchase.csv,purchase_reason,¿Cuál es el problema más importante que esperas resolver con nuestros productos?,tener mas energia en el dia,health_goal,
g0035,wellness_post_purchase.csv,choice_driver,¿Qué te hizo comprar con nosotros antes que otra marca?,está respaldado por ciencia,ingredients_safety,
g0036,wellness_post_purchase.csv,purchase_reason,¿Cuál es el problema más importante que esperas resolver con nuestros productos?,nada en especial,no_concern,
g0037,wellness_post_purchase.csv,purchase_reason,¿Cuál es el problema más importante que esperas resolver con nuestros productos?,joint pain,health_goal,
g0038,wellness_post_purchase.csv,purchase_reason,¿Cuál es el problema más importante que esperas resolver con nuestros productos?,Bajar de peso despues del embarazo,health_goal,
g0039,wellness_post_purchase.csv,purchase_reason,¿Cuál es el problema más importante que esperas resolver con nuestros productos?,Colitis,health_goal,
g0040,wellness_post_purchase.csv,purchase_reason,¿Cuál es el problema más importante que esperas resolver con nuestros productos?,Tener más energía en el día,health_goal,
g0041,fragrance_reviews.csv,review,body,Llego rapidisimo y bien empacado,shipping_delivery,Positive
g0042,wellness_post_purchase.csv,purchase_reason,¿Cuál es el problema más importante que esperas resolver con nuestros productos?,la verdad no se,other,
g0043,wellness_post_purchase.csv,choice_driver,¿Qué te hizo comprar con nosotros antes que otra marca?,me gusta apoyar negocios locales,brand_values,
g0044,wellness_post_purchase.csv,hesitation,¿Qué te causaba incertidumbre antes de comprar con nosotros?,Soy alérgica a varias cosas,ingredients_safety,
g0045,wellness_post_purchase.csv,purchase_reason,¿Cuál es el problema más importante que esperas resolver con nuestros productos?,"Probar algo que sí funcione, ya intenté de todo",efficacy_results,
g0046,fragrance_reviews.csv,review,body,"Vale la pena, buen precio",price_value,Positive
g0047,wellness_post_purchase.csv,choice_driver,¿Qué te hizo comprar con nosotros antes que otra marca?,Clean ingredients,ingredients_safety,
g0048,wellness_post_purchase.csv,purchase_reason,¿Cuál es el problema más importante que esperas resolver con nuestros productos?,mejorar mi salud en general,health_goal,
g0049,wellness_post_purchase.csv,hesitation,¿Qué te causaba incertidumbre antes de comprar con nosotros?,que no me sirva como a los demás,efficacy_results,
g0050,wellness_post_purchase.csv,choice_driver,¿Qué te hizo comprar con nosotros antes que otra marca?,El empaque está muy bonito,design_style,
g0051,wellness_post_purchase.csv,hesitation,¿Qué te causaba incertidumbre antes de comprar con nosotros?,ninguno 😊.,no_concern,
g0052,fragrance_reviews.csv,review,body,Excelente. Muy buen perfume y súper barato,price_value,Positive
g0053,wellness_post_purchase.csv,choice_driver,¿Qué te hizo comprar con nosotros antes que otra marca?,Siempre les compro,repeat_loyalty,
g0054,wellness_post_purchase.csv,hesitation,¿Qué te causaba incertidumbre antes de comprar con nosotros?,Que mi esposo se enojara jaja,other,
g0055,wellness_post_purchase.csv,purchase_reason,¿Cuál es el problema más importante que esperas resolver con nuestros productos?,Bajar de peso despues del embarazo,health_goal,
g0056,wellness_post_purchase.csv,hesitation,¿Qué te causaba incertidumbre antes de comprar con nosotros?,que no funcionaran,efficacy_results,
g0057,wellness_post_purchase.csv,choice_driver,¿Qué te hizo comprar con nosotros antes que otra marca?,ya había probado otros y no me sirvieron,efficacy_results,
g0058,wellness_post_purchase.csv,choice_driver,¿Qué te hizo comprar con nosotros antes que otra marca?,my friend recommended it,social_proof,
g0059,fragrance_reviews.csv,review,body,"Excelente. great quality, lasts all day",quality,Positive
g0060,wellness_post_purchase.csv,purchase_reason,¿Cuál es el problema más importante que esperas resolver con nuestros productos?,Dormir mejor,health_goal,
g0061,wellness_post_purchase.csv,choice_driver,¿Qué te hizo comprar con nosotros antes que otra marca?,Mi hermana los usa y le fue muy bien,social_proof,
g0062,wellness_post_purchase.csv,hesitation,¿Qué te causaba incertidumbre antes de comprar con nosotros?,que fuera puro marketing.,efficacy_results,
g0063,fragrance_reviews.csv,review,body,Perfecto,other,Positive
g0064,wellness_post_purchase.csv,purchase_reason,¿Cuál es el problema más importante que esperas resolver con nuestros productos?,Es un regalo para mi mama,other,
g0065,wellness_post_purchase.csv,hesitation,¿Qué te causaba incertidumbre antes de comprar con nosotros?,Que fuera una estafa,trust_legitimacy,
g0066,wellness_post_purchase.csv,hesitation,¿Qué te causaba incertidumbre antes de comprar con nosotros?,ninguno.,no_concern,
g0067,wellness_post_purchase.csv,choice_driver,¿Qué te hizo comprar con nosotros antes que otra marca?,Clean ingredients,ingredients_safety,
g0068,wellness_post_purchase.csv,purchase_reason,¿Cuál es el problema más importante que esperas resolver con nuestros productos?,"Probar algo que sí funcione, ya intenté de todo",efficacy_results,
g0069,wellness_post_purchase.csv,purchase_reason,¿Cuál es el problema más importante que esperas resolver con nuestros productos?,Dolor de rodillas,health_goal,
g0070,wellness_post_purchase.csv,hesitation,¿Qué te causaba incertidumbre antes de comprar con nosotros?,Que no hiciera efecto,efficacy_results,
g0071,wellness_post_purchase.csv,purchase_reason,¿Cuál es el problema más importante que esperas resolver con nuestros productos?,mejorar mi salud en general,health_goal,
g0072,wellness_post_purchase.csv,hesitation,¿Qué te causaba incertidumbre antes de comprar con nosotros?,que no funcionaran,efficacy_results,
g0073,wellness_post_purchase.csv,choice_driver,¿Qué te hizo comprar con nosotros antes que otra marca?,Que los ingredientes son naturales,ingredients_safety,
g0074,wellness_post_purchase.csv,hesitation,¿Qué te causaba incertidumbre antes de comprar con nosotros?,Que se perdira el paquete,shipping_delivery,
g0075,wellness_post_purchase.csv,choice_driver,¿Qué te hizo comprar con nosotros antes que otra marca?,clean ingredients,ingredients_safety,
g0076,wellness_post_purchase.csv,purchase_reason,¿Cuál es el problema más importante que esperas resolver con nuestros productos?,Bjar de peso despues del embarazo,health_goal,
g0077,wellness_post_purchase.csv,purchase_reason,¿Cuál es el problema más importante que esperas resolver con nuestros productos?,Cansancio todo eltiempo,health_goal,
g0078,wellness_post_purchase.csv,hesitation,¿Qué te causaba incertidumbre antes de comprar con nosotros?,Que saliera muy caro con el envío,price_value,
g0079,wellness_post_purchase.csv,choice_driver,¿Qué te hizo comprar con nosotros antes que otra marca?,"No sé, me llamó la atención",other,
g0080,wellness_post_purchase.csv,purchase_reason,¿Cuál es el problema más importante que esperas resolver con nuestros productos?,Ningno,no_concern,
g0081,wellness_post_purchase.csv,purchase_reason,¿Cuál es el problema más importante que esperas resolver con nuestros productos?,nada en especial.,no_concern,
g0082,wellness_post_purchase.csv,hesitation,¿Qué te causaba incertidumbre antes de comprar con nosotros?,That it wouldn't work.,efficacy_results,
g0083,wellness_post_purchase.csv,hesitation,¿Qué te causaba incertidumbre antes de comprar con nosotros?,ninguna,no_concern,
g0084,fragrance_reviews.csv,review,body,"Excelente. great quality, lasts all day",quality,Positive
g0085,wellness_post_purchase.csv,choice_driver,¿Qué te hizo comprar con nosotros antes que otra marca?,Por la comunidad que tienen,social_proof,
g0086,wellness_post_purchase.csv,purchase_reason,¿Cuál es el problema más importante que esperas resolver con nuestros productos?,Ninguo.,no_concern,
g0087,wellness_post_purchase.csv,hesitation,¿Qué te causaba incertidumbre antes de comprar con nosotros?,Que se perdiera el paquete,shipping_delivery,
g0088,wellness_post_purchase.csv,hesitation,¿Qué te causaba incertidumbre antes de comprar con nosotros?,Que no llegara el pedido,shipping_delivery,
g0089,wellness_post_purchase.csv,choice_driver,¿Qué te hizo comprar con nosotros antes que otra marca?,Esta respaldado por ciencia,ingredients_safety,
g0090,wellness_post_purchase.csv,hesitation,¿Qué te causaba incertidumbre antes de comprar con nosotros?,Que no me sirva como a los demás.,efficacy_results,
g0091,fragrance_reviews.csv,review,body,Excelente. Llego rapidisimo y bien empacado,shipping_delivery,Positive
g0092,wellness_post_purchase.csv,choice_driver,¿Qué te hizo comprar con nosotros antes que otra marca?,que los ingredientes son naturales,ingredients_safety,
g0093,wellness_post_purchase.csv,hesitation,¿Qué te causaba incertidumbre antes de comprar con nosotros?,Que no hiciera efecto.,efficacy_results,
g0094,wellness_post_purchase.csv,hesitation,¿Qué te causaba incertidumbre antes de comprar con nosotros?,Que fuera puro marketing,efficacy_results,
g0095,wellness_post_purchase.csv,choice_driver,¿Qué te hizo comprar con nosotros antes que otra marca?,my friend recommended it,social_proof,
g0096,wellness_post_purchase.csv,purchase_reason,¿Cuál es el problema más importante que esperas resolver con nuestros productos?,quiero ver resultados reales esta vez,efficacy_results,
g0097,wellness_post_purchase.csv,hesitation,¿Qué te causaba incertidumbre antes de comprar con nosotros?,que no funcionaran,efficacy_results,
g0098,wellness_post_purchase.csv,hesitation,¿Qué te causaba incertidumbre antes de comprar con nosotros?,no sé,other,
g0099,wellness_post_purchase.csv,purchase_reason,¿Cuál es el problema más importante que esperas resolver con nuestros productos?,quiero ver resultados reales esta vez,efficacy_results,
g0100,wellness_post_purchase.csv,purchase_reason,¿Cuál es el problema más importante que esperas resolver con nuestros productos?,Tener más energía en el día,health_goal,
g0101,wellness_post_purchase.csv,hesitation,¿Qué te causaba incertidumbre antes de comprar con nosotros?,que fuera puro marketing,efficacy_results,
g0102,wellness_post_purchase.csv,choice_driver,¿Qué te hizo comprar con nosotros antes que otra marca?,sigo a la nutriologa en instagram y la recomienda,social_proof,
g0103,wellness_post_purchase.csv,choice_driver,¿Qué te hizo comprar con nosotros antes que otra marca?,estaba en promoción,price_value,
g0104,wellness_post_purchase.csv,purchase_reason,¿Cuál es el problema más importante que esperas resolver con nuestros productos?,Resistencia a la insulina,health_goal,
g0105,apparel_pdp_poll.csv,pdp_blocker,"Cuéntanos, ¿cuál es?",¿Van a resurtir?,stock_availability,
g0106,wellness_post_purchase.csv,choice_driver,¿Qué te hizo comprar con nosotros antes que otra marca?,por la comunidad que tienen,social_proof,
g0107,wellness_post_purchase.csv,choice_driver,¿Qué te hizo comprar con nosotros antes que otra marca?,Es una marca mexicana,brand_values,
g0108,wellness_post_purchase.csv,purchase_reason,¿Cuál es el problema más importante que esperas resolver con nuestros productos?,Se me cae mucho el cabello,health_goal,
g0109,wellness_post_purchase.csv,choice_driver,¿Qué te hizo comprar con nosotros antes que otra marca?,A mi prima le dio resultado,efficacy_results,
g0110,fragrance_reviews.csv,review,body,Excelente precio para lo que es,price_value,Positive
g0111,wellness_post_purchase.csv,choice_driver,¿Qué te hizo comprar con nosotros antes que otra marca?,Porque sí funcionan,efficacy_results,
g0112,apparel_pdp_poll.csv,pdp_blocker,"Cuéntanos, ¿cuál es?",Tienen tabla de medidas?.,size_fit,
g0113,wellness_post_purchase.csv,purchase_reason,¿Cuál es el problema más importante que esperas resolver con nuestros productos?,nada en especia.,no_concern,
g0114,wellness_post_purchase.csv,choice_driver,¿Qué te hizo comprar con nosotros antes que otra marca?,el precio,price_value,
g0115,wellness_post_purchase.csv,hesitation,¿Qué te causaba incertidumbre antes de comprar con nosotros?,Que se perdiera el paquete,shipping_delivery,
g0116,wellness_post_purchase.csv,choice_driver,¿Qué te hizo comprar con nosotros antes que otra marca?,Ya lo habia comprado antes,repeat_loyalty,
g0117,wellness_post_purchase.csv,hesitation,¿Qué te causaba incertidumbre antes de comprar con nosotros?,que no funcionaran,efficacy_results,
g0118,wellness_post_purchase.csv,purchase_reason,¿Cuál es el problema más importante que esperas resolver con nuestros productos?,curiosidad,other,
g0119,wellness_post_purchase.csv,choice_driver,¿Qué te hizo comprar con nosotros antes que otra marca?,El precio,price_value,
g0120,wellness_post_purchase.csv,purchase_reason,¿Cuál es el problema más importante que esperas resolver con nuestros productos?,Tener más energía en el día,health_goal,
g0121,wellness_post_purchase.csv,purchase_reason,¿Cuál es el problema más importante que esperas resolver con nuestros productos?,Acné hrmonal.,health_goal,
g0122,wellness_post_purchase.csv,choice_driver,¿Qué te hizo comprar con nosotros antes que otra marca?,El precio,price_value,
g0123,fragrance_reviews.csv,review,body,"me encanto, el aroma se mantiene horas",quality,Positive
g0124,apparel_pdp_poll.csv,pdp_blocker,"Cuéntanos, ¿cuál es?",Cuando vuelven a tener el pijama azul,stock_availability,
g0125,wellness_post_purchase.csv,purchase_reason,¿Cuál es el problema más importante que esperas resolver con nuestros productos?,Controlar la ansiedad,health_goal,
g0126,wellness_post_purchase.csv,hesitation,¿Qué te causaba incertidumbre antes de comprar con nosotros?,No se,other,
g0127,wellness_post_purchase.csv,choice_driver,¿Qué te hizo comprar con nosotros antes que otra marca?,Por las reseñas,social_proof,
g0128,wellness_post_purchase.csv,purchase_reason,¿Cuál es el problema más importante que esperas resolver con nuestros productos?,controlar la ansiedad,health_goal,
g0129,wellness_post_purchase.csv,purchase_reason,¿Cuál es el problema más importante que esperas resolver con nuestros productos?,me duelen mucho las articulaciones.,health_goal,
g0130,wellness_post_purchase.csv,choice_driver,¿Qué te hizo comprar con nosotros antes que otra marca?,Que los ingredientes son naturales,ingredients_safety,
g0131,apparel_pdp_poll.csv,pdp_blocker,"Cuéntanos, ¿cuál es?",tienen tabla de medidas?,size_fit,
g0132,fragrance_reviews.csv,review,body,"llego antes de lo esperado, gracias",shipping_delivery,Positive
g0133,wellness_post_purchase.csv,purchase_reason,¿Cuál es el problema más importante que esperas resolver con nuestros productos?,nada en especial,no_concern,
g0134,wellness_post_purchase.csv,choice_driver,¿Qué te hizo comprar con nosotros antes que otra marca?,Es mi segunda vez,repeat_loyalty,
g0135,wellness_post_purchase.csv,purchase_reason,¿Cuál es el problema más importante que esperas resolver con nuestros productos?,"Probar algo que si funcione, ya intente de todo",efficacy_results,
g0136,wellness_post_purchase.csv,hesitation,¿Qué te causaba incertidumbre antes de comprar con nosotros?,efetos secundarios.,ingredients_safety,
g0137,fragrance_reviews.csv,review,body,"Muy buena fijacion, igualito al original.",quality,Positive
g0138,wellness_post_purchase.csv,hesitation,¿Qué te causaba incertidumbre antes de comprar con nosotros?,que no funcionaran,efficacy_results,
g0139,apparel_pdp_poll.csv,pdp_blocker,"Cuéntanos, ¿cuál es?",Cuanto tarda en llegar a Merida,shipping_delivery,
g0140,wellness_post_purchase.csv,purchase_reason,¿Cuál es el problema más importante que esperas resolver con nuestros productos?,La verdad no se,other,
g0141,wellness_post_purchase.csv,hesitation,¿Qué te causaba incertidumbre antes de comprar con nosotros?,Que no hiciera efecto,efficacy_results,
g0142,wellness_post_purchase.csv,choice_driver,¿Qué te hizo comprar con nosotros antes que otra marca?,Una cmpanera de trabajo los toma,social_proof,
g0143,wellness_post_purchase.csv,hesitation,¿Qué te causaba incertidumbre antes de comprar con nosotros?,No sé,other,
g0144,wellness_post_purchase.csv,purchase_reason,¿Cuál es el problema más importante que esperas resolver con nuestros productos?,mejorar mi salud en general.,health_goal,
g0145,wellness_post_purchase.csv,choice_driver,¿Qué te hizo comprar con nosotros antes que otra marca?,Porque sí funcionan,efficacy_results,
g0146,wellness_post_purchase.csv,hesitation,¿Qué te causaba incertidumbre antes de comprar con nosotros?,Que fuera puro marketing,efficacy_results,
g0147,wellness_post_purchase.csv,purchase_reason,¿Cuál es el problema más importante que esperas resolver con nuestros productos?,Ninguno,no_concern,
g0148,wellness_post_purchase.csv,choice_driver,¿Qué te hizo comprar con nosotros antes que otra marca?,Está respaldad por ciencia,ingredients_safety,
g0149,wellness_post_purchase.csv,purchase_reason,¿Cuál es el problema más importante que esperas resolver con nuestros productos?,Resistencia a la insulina,health_goal,
g0150,wellness_post_purchase.csv,choice_driver,¿Qué te hizo comprar con nosotros antes que otra marca?,Siempre les compro,repeat_loyalty,
g0151,wellness_post_purchase.csv,hesitation,¿Qué te causaba incertidumbre antes de comprar con nosotros?,que no me gustara e sabor,other,
g0152,wellness_post_purchase.csv,hesitation,¿Qué te causaba incertidumbre antes de comprar con nosotros?,is this brand legit?,trust_legitimacy,
g0153,wellness_post_purchase.csv,choice_driver,¿Qué te hizo comprar con nosotros antes que otra marca?,No tiene azucar ni cosas raras,ingredients_safety,
g0154,apparel_pdp_poll.csv,pdp_blocker,"Cuéntanos, ¿cuál es?",Se puede meter a la secadora?,product_info,
g0155,wellness_post_purchase.csv,choice_driver,¿Qué te hizo comprar con nosotros antes que otra marca?,porque sí funcionan,efficacy_results,
g0156,wellness_post_purchase.csv,choice_driver,¿Qué te hizo comprar con nosotros antes que otra marca?,tenia 20% de descuento,price_value,
g0157,wellness_post_purchase.csv,hesitation,¿Qué te causaba incertidumbre antes de comprar con nosotros?,Que fuera puro marketing,efficacy_results,
g0158,apparel_pdp_poll.csv,pdp_blocker,"Cuéntanos, ¿cuál es?",Si la talla viene correcta,size_fit,
g0159,wellness_post_purchase.csv,purchase_reason,¿Cuál es el problema más importante que esperas resolver con nuestros productos?,colitis,health_goal,
g0160,wellness_post_purchase.csv,choice_driver,¿Qué te hizo comprar con nosotros antes que otra marca?,Vi muchos testimonios,social_proof,
g0161,wellness_post_purchase.csv,hesitation,¿Qué te causaba incertidumbre antes de comprar con nosotros?,Que no llegara el pedido,shipping_delivery,
g0162,wellness_post_purchase.csv,purchase_reason,¿Cuál es el problema más importante que esperas resolver con nuestros productos?,Cansancio todo el tiempo,health_goal,
g0163,wellness_post_purchase.csv,choice_driver,¿Qué te hizo comprar con nosotros antes que otra marca?,está respaldado por ciencia.,ingredients_safety,
g0164,wellness_post_purchase.csv,choice_driver,¿Qué te hizo comprar con nosotros antes que otra marca?,Me urgía,other,
g0165,apparel_pdp_poll.csv,pdp_blocker,"Cuéntanos, ¿cuál es?",¿Van a resurtir?,stock_availability,
g0166,wellness_post_purchase.csv,purchase_reason,¿Cuál es el problema más importante que esperas resolver con nuestros productos?,Me duelen mucho las articulaciones,health_goal,
g0167,wellness_post_purchase.csv,choice_driver,¿Qué te hizo comprar con nosotros antes que otra marca?,por la comunidad que tienen,social_proof,
g0168,fragrance_reviews.csv,review,body,"Todo perfecto, el envio muy rapido",shipping_delivery,Positive
g0169,wellness_post_purchase.csv,hesitation,¿Qué te causaba incertidumbre antes de comprar con nosotros?,que no me llegara,shipping_delivery,
g0170,wellness_post_purchase.csv,choice_driver,¿Qué te hizo comprar con nosotros antes que otra marca?,vi muchos estimonios,social_proof,
g0171,wellness_post_purchase.csv,purchase_reason,¿Cuál es el problema más importante que esperas resolver con nuestros productos?,se me cae mucho el cabello,health_goal,
g0172,fragrance_reviews.csv,review,body,Mi opinión. buen aroma aunque la fijación es regular,quality,Mixed
g0173,wellness_post_purchase.csv,choice_driver,¿Qué te hizo comprar con nosotros antes que otra marca?,Es una marca exicana,brand_values,
g0174,wellness_post_purchase.csv,choice_driver,¿Qué te hizo comprar con nosotros antes que otra marca?,Ya lo habia comprado antes,repeat_loyalty,
g0175,wellness_post_purchase.csv,hesitation,¿Qué te causaba incertidumbre antes de comprar con nosotros?,Ninguno.,no_concern,
g0176,fragrance_reviews.csv,review,body,Me encanta 😍,other,Positive
g0177,wellness_post_purchase.csv,purchase_reason,¿Cuál es el problema más importante que esperas resolver con nuestros productos?,se me cae mucho el cabello,health_goal,
g0178,wellness_post_purchase.csv,purchase_reason,¿Cuál es el problema más importante que esperas resolver con nuestros productos?,Me duelen mucho las articulaciones,health_goal,
g0179,wellness_post_purchase.csv,choice_driver,¿Qué te hizo comprar con nosotros antes que otra marca?,Porque sí funcionan,efficacy_results,
g0180,wellness_post_purchase.csv,purchase_reason,¿Cuál es el problema más importante que esperas resolver con nuestros productos?,I want to sleep better,health_goal,
g0181,fragrance_reviews.csv,review,body,"Me encantó. Me encanto, el aroma se mantiene horas",quality,Positive
g0182,wellness_post_purchase.csv,hesitation,¿Qué te causaba incertidumbre antes de comprar con nosotros?,Que mi esposo se enojara jaja,other,
g0183,wellness_post_purchase.csv,hesitation,¿Qué te causaba incertidumbre antes de comprar con nosotros?,Ninguno 😊,no_concern,
g0184,wellness_post_purchase.csv,choice_driver,¿Qué te hizo comprar con nosotros antes que otra marca?,Sin químicos,ingredients_safety,
g0185,wellness_post_purchase.csv,purchase_reason,¿Cuál es el problema más importante que esperas resolver con nuestros productos?,Dolor de rodillas,health_goal,
g0186,wellness_post_purchase.csv,purchase_reason,¿Cuál es el problema más importante que esperas resolver con nuestros productos?,"Probar algo que si funcione, ya intente de todo.",efficacy_results,
g0187,wellness_post_purchase.csv,choice_driver,¿Qué te hizo comprar con nosotros antes que otra marca?,Por la comunidad que tienen,social_proof,
g0188,wellness_post_purchase.csv,hesitation,¿Qué te causaba incertidumbre antes de comprar con nosotros?,que no hiciera efecto,efficacy_results,
g0189,wellness_post_purchase.csv,hesitation,¿Qué te causaba incertidumbre antes de comprar con nosotros?,que no funcionaran,efficacy_results,
g0190,wellness_post_purchase.csv,choice_driver,¿Qué te hizo comprar con nosotros antes que otra marca?,está respaldado por ciencia.,ingredients_safety,
g0191,wellness_post_purchase.csv,hesitation,¿Qué te causaba incertidumbre antes de comprar con nosotros?,Que tardara mucho el envío,shipping_delivery,
g0192,wellness_post_purchase.csv,choice_driver,¿Qué te hizo comprar con nosotros antes que otra marca?,Una compañera de trabajo los tma,social_proof,
g0193,fragrance_reviews.csv,review,body,"Me encantó. Great quality, lasts all day",quality,Positive
g0194,wellness_post_purchase.csv,hesitation,¿Qué te causaba incertidumbre antes de comprar con nosotros?,dar mis datos de tarjeta en una tienda nueva.,trust_legitimacy,
g0195,wellness_post_purchase.csv,hesitation,¿Qué te causaba incertidumbre antes de comprar con nosotros?,Is this brand legit?,trust_legitimacy,
g0196,wellness_post_purchase.csv,choice_driver,¿Qué te hizo comprar con nosotros antes que otra marca?,Una companera de trabajo los toma,social_proof,
g0197,wellness_post_purchase.csv,purchase_reason,¿Cuál es el problema más importante que esperas resolver con nuestros productos?,Resistencia a la insulina.,health_goal,
g0198,wellness_post_purchase.csv,choice_driver,¿Qué te hizo comprar con nosotros antes que otra marca?,Me gusta apoyar negocios locales,brand_values,
g0199,wellness_post_purchase.csv,choice_driver,¿Qué te hizo comprar con nosotros antes que otra marca?,Ya lo había comprado antes,repeat_loyalty,
g0200,wellness_post_purchase.csv,choice_driver,¿Qué te hizo comprar con nosotros antes que otra marca?,porque si,other,
g0201,wellness_post_purchase.csv,purchase_reason,¿Cuál es el problema más importante que esperas resolver con nuestros productos?,"probar algo que si funcione, ya intente de todo",efficacy_results,
g0202,wellness_post_purchase.csv,hesitation,¿Qué te causaba incertidumbre antes de comprar con nosotros?,Que fuera una estafa.,trust_legitimacy,
g0203,wellness_post_purchase.csv,choice_driver,¿Qué te hizo comprar con nosotros antes que otra marca?,"No sé, me llamó la atención",other,
g0204,wellness_post_purchase.csv,purchase_reason,¿Cuál es el problema más importante que esperas resolver con nuestros productos?,joint pain,health_goal,
g0205,wellness_post_purchase.csv,choice_driver,¿Qué te hizo comprar con nosotros antes que otra marca?,Vi muchos testimonios,social_proof,
g0206,fragrance_reviews.csv,review,body,Huele delicioso y dura muchisimo.,quality,Positive
g0207,wellness_post_purchase.csv,hesitation,¿Qué te causaba incertidumbre antes de comprar con nosotros?,El tiempo de entrega,shipping_delivery,
g0208,wellness_post_purchase.csv,purchase_reason,¿Cuál es el problema más importante que esperas resolver con nuestros productos?,la verdad no sé,other,
g0209,wellness_post_purchase.csv,hesitation,¿Qué te causaba incertidumbre antes de comprar con nosotros?,Soy alergica a varias cosas,ingredients_safety,
g0210,wellness_post_purchase.csv,hesitation,¿Qué te causaba incertidumbre antes de comprar con nosotros?,No tenia ningun miedo,no_concern,
g0211,wellness_post_purchase.csv,choice_driver,¿Qué te hizo comprar con nosotros antes que otra marca?,Ya había probado otros y no me sirvieron,efficacy_results,
g0212,fragrance_reviews.csv,review,body,Me encanto el perfume pero tardo mucho en llegar.,shipping_delivery,Mixed
g0213,wellness_post_purchase.csv,purchase_reason,¿Cuál es el problema más importante que esperas resolver con nuestros productos?,quiero ver resultados reales esta vez.,efficacy_results,
g0214,wellness_post_purchase.csv,choice_driver,¿Qué te hizo comprar con nosotros antes que otra marca?,clean ingedients,ingredients_safety,
g0215,wellness_post_purchase.csv,purchase_reason,¿Cuál es el problema más importante que esperas resolver con nuestros productos?,Controlar la ansiedad,health_goal,
g0216,wellness_post_purchase.csv,hesitation,¿Qué te causaba incertidumbre antes de comprar con nosotros?,Nada,no_concern,
g0217,wellness_post_purchase.csv,choice_driver,¿Qué te hizo comprar con nosotros antes que otra marca?,Me lo recomendó una amiga,social_proof,
g0218,wellness_post_purchase.csv,hesitation,¿Qué te causaba incertidumbre antes de comprar con nosotros?,Gastar y no ver ningun resultado.,efficacy_results,
g0219,fragrance_reviews.csv,review,body,Mi favorito,other,Positive
g0220,wellness_post_purchase.csv,choice_driver,¿Qué te hizo comprar con nosotros antes que otra marca?,estaba en promocion,price_value,
g0221,wellness_post_purchase.csv,choice_driver,¿Qué te hizo comprar con nosotros antes que otra marca?,m urgía.,other,
g0222,wellness_post_purchase.csv,hesitation,¿Qué te causaba incertidumbre antes de comprar con nosotros?,que fuera puro marketing,efficacy_results,
g0223,wellness_post_purchase.csv,hesitation,¿Qué te causaba incertidumbre antes de comprar con nosotros?,Que no llegue a mi ciudad,shipping_delivery,
g0224,wellness_post_purchase.csv,choice_driver,¿Qué te hizo comprar con nosotros antes que otra marca?,No tiene azucar ni cosas raras.,ingredients_safety,
g0225,wellness_post_purchase.csv,purchase_reason,¿Cuál es el problema más importante que esperas resolver con nuestros productos?,Ninguno.,no_concern,
g0226,apparel_pdp_poll.csv,pdp_blocker,"Cuéntanos, ¿cuál es?","si no le queda, ¿lo puedo cambiar?",customer_service_returns,
g0227,fragrance_reviews.csv,review,body,Llego rapidisimo y bien empacado,shipping_delivery,Positive
g0228,wellness_post_purchase.csv,choice_driver,¿Qué te hizo comprar con nosotros antes que otra marca?,Se nota la diferencia,efficacy_results,
g0229,wellness_post_purchase.csv,hesitation,¿Qué te causaba incertidumbre antes de comprar con nosotros?,Que no hiciera efecto.,efficacy_results,
g0230,fragrance_reviews.csv,review,body,"excelente producto, solo que el envío fue lento",shipping_delivery,Mixed
g0231,wellness_post_purchase.csv,choice_driver,¿Qué te hizo comprar con nosotros antes que otra marca?,Se nota la diferencia.,efficacy_results,
g0232,wellness_post_purchase.csv,choice_driver,¿Qué te hizo comprar con nosotros antes que otra marca?,my friend recommended it,social_proof,
g0233,fragrance_reviews.csv,review,body,10/10.,other,Positive
g0234,apparel_pdp_poll.csv,pdp_blocker,"Cuéntanos, ¿cuál es?",¿Tienen algun descuento?,price_value,
g0235,fragrance_reviews.csv,review,body,Tardó tres semanas en llegar,shipping_delivery,Negative
g0236,fragrance_reviews.csv,review,body,Me encantó. huele delicioso y dura muchisimo,quality,Positive
g0237,fragrance_reviews.csv,review,body,"Great quality, lasts all day",quality,Positive
g0238,wellness_post_purchase.csv,purchase_reason,¿Cuál es el problema más importante que esperas resolver con nuestros productos?,Acné hormonal.,health_goal,
g0239,wellness_post_purchase.csv,choice_driver,¿Qué te hizo comprar con nosotros antes que otra marca?,El precio,price_value,
g0240,apparel_pdp_poll.csv,pdp_blocker,"Cuéntanos, ¿cuál es?",¿Hacen envíos a USA?,shipping_delivery,
g0241,wellness_post_purchase.csv,hesitation,¿Qué te causaba incertidumbre antes de comprar con nosotros?,Que no me gustara el sabor,other,
g0242,wellness_post_purchase.csv,hesitation,¿Qué te causaba incertidumbre antes de comprar con nosotros?,Que no llegue a mi ciudad,shipping_delivery,
g0243,wellness_post_purchase.csv,hesitation,¿Qué te causaba incertidumbre antes de comprar con nosotros?,ninuna,no_concern,
g0244,fragrance_reviews.csv,review,body,"Es para regalo, todavía no lo abro",other,Neutral
g0245,wellness_post_purchase.csv,hesitation,¿Qué te causaba incertidumbre antes de comprar con nosotros?,que fuera una estafa.,trust_legitimacy,
g0246,wellness_post_purchase.csv,purchase_reason,¿Cuál es el problema más importante que esperas resolver con nuestros productos?,es un regalo para mi mama,other,
g0247,fragrance_reviews.csv,review,body,lo amo,other,Positive
g0248,wellness_post_purchase.csv,choice_driver,¿Qué te hizo comprar con nosotros antes que otra marca?,Que los ingredientes son naturales,ingredients_safety,
g0249,wellness_post_purchase.csv,hesitation,¿Qué te causaba incertidumbre antes de comprar con nosotros?,Que fuer puro marketing,efficacy_results,
g0250,wellness_post_purchase.csv,purchase_reason,¿Cuál es el problema más importante que esperas resolver con nuestros productos?,dormir mejor,health_goal,
g0251,apparel_pdp_poll.csv,pdp_blocker,"Cuéntanos, ¿cuál es?",Tiempo d entrega,shipping_delivery,
g0252,wellness_post_purchase.csv,choice_driver,¿Qué te hizo comprar con nosotros antes que otra marca?,Me ayudó muchísimo con lainflamación,efficacy_results,
g0253,apparel_pdp_poll.csv,pdp_blocker,"Cuéntanos, ¿cuál es?",Envían a todo México?,shipping_delivery,
g0254,fragrance_reviews.csv,review,body,Huele rico pero dura poco,quality,Mixed
g0255,wellness_post_purchase.csv,choice_driver,¿Qué te hizo comprar con nosotros antes que otra marca?,Vi muchos testimonios,social_proof,
g0256,fragrance_reviews.csv,review,body,"Mi opinión. no dura nada, a la hora ya no huele",quality,Negative
g0257,wellness_post_purchase.csv,choice_driver,¿Qué te hizo comprar con nosotros antes que otra marca?,me dio confianza que fuera organico,ingredients_safety,
g0258,wellness_post_purchase.csv,hesitation,¿Qué te causaba incertidumbre antes de comprar con nosotros?,Nada,no_concern,
g0259,wellness_post_purchase.csv,purchase_reason,¿Cuál es el problema más importante que esperas resolver con nuestros productos?,Controlar la ansiedad.,health_goal,
g0260,wellness_post_purchase.csv,choice_driver,¿Qué te hizo comprar con nosotros antes que otra marca?,Porque sí,other,
g0261,wellness_post_purchase.csv,purchase_reason,¿Cuál es el problema más importante que esperas resolver con nuestros productos?,Colitis,health_goal,
g0262,wellness_post_purchase.csv,choice_driver,¿Qué te hizo comprar con nosotros antes que otra marca?,por las reseñas,social_proof,
g0263,wellness_post_purchase.csv,choice_driver,¿Qué te hizo comprar con nosotros antes que otra marca?,"No sé, me llamó la atención",other,
g0264,wellness_post_purchase.csv,choice_driver,¿Qué te hizo comprar con nosotros antes que otra marca?,Ya había probado otros y no me sirvieron.,efficacy_results,
g0265,wellness_post_purchase.csv,choice_driver,¿Qué te hizo comprar con nosotros antes que otra marca?,Me ayudó muchísimo con la inflamación,efficacy_results,
g0266,wellness_post_purchase.csv,choice_driver,¿Qué te hizo comprar con nosotros antes que otra marca?,Que los ingredientes son naturales,ingredients_safety,
g0267,wellness_post_purchase.csv,hesitation,¿Qué te causaba incertidumbre antes de comprar con nosotros?,soy alérgica a varis cosas,ingredients_safety,
g0268,fragrance_reviews.csv,review,body,Mi opinión. Me encantó el perfume pero tardó mucho en llegar,shipping_delivery,Mixed
g0269,wellness_post_purchase.csv,hesitation,¿Qué te causaba incertidumbre antes de comprar con nosotros?,Que tardara mucho el envio,shipping_delivery,
g0270,wellness_post_purchase.csv,choice_driver,¿Qué te hizo comprar con nosotros antes que otra marca?,por la comunidad que tienen,social_proof,
g0271,fragrance_reviews.csv,review,body,Excelente precio para lo que es,price_value,Positive
g0272,wellness_post_purchase.csv,purchase_reason,¿Cuál es el problema más importante que esperas resolver con nuestros productos?,Dolorde rodillas,health_goal,
g0273,wellness_post_purchase.csv,choice_driver,¿Qué te hizo comprar con nosotros antes que otra marca?,A mi prima le dio resultado,efficacy_results,
g0274,wellness_post_purchase.csv,hesitation,¿Qué te causaba incertidumbre antes de comprar con nosotros?,Dar mis datos de tarjeta en una tienda nueva,trust_legitimacy,
g0275,wellness_post_purchase.csv,hesitation,¿Qué te causaba incertidumbre antes de comprar con nosotros?,Que no me sirva como a los demás.,efficacy_results,
g0276,wellness_post_purchase.csv,purchase_reason,¿Cuál es el problema más importante que esperas resolver con nuestros productos?,Cansancio todo el tiempo,health_goal,
g0277,wellness_post_purchase.csv,choice_driver,¿Qué te hizo comprar con nosotros antes que otra marca?,Estaba en promoción,price_value,
g0278,wellness_post_purchase.csv,purchase_reason,¿Cuál es el problema más importante que esperas resolver con nuestros productos?,Tener más energía en el día.,health_goal,
g0279,apparel_pdp_poll.csv,pdp_blocker,"Cuéntanos, ¿cuál es?",¿Hacen envios a USA?.,shipping_delivery,
g0280,wellness_post_purchase.csv,purchase_reason,¿Cuál es el problema más importante que esperas resolver con nuestros productos?,cansancio todo el tiempo.,health_goal,
g0281,wellness_post_purchase.csv,choice_driver,¿Qué te hizo comprar con nosotros antes que otra marca?,Que los ingredientes son naturales,ingredients_safety,
g0282,fragrance_reviews.csv,review,body,"Mi opinión. aroma dulce, fijacion normal",quality,Neutral
g0283,wellness_post_purchase.csv,hesitation,¿Qué te causaba incertidumbre antes de comprar con nosotros?,Que se perdiera el paquete,shipping_delivery,
g0284,wellness_post_purchase.csv,purchase_reason,¿Cuál es el problema más importante que esperas resolver con nuestros productos?,Cansancio todo el tiempo,health_goal,
g0285,wellness_post_purchase.csv,choice_driver,¿Qué te hizo comprar con nosotros antes que otra marca?,Me ayudó muchísimo con la inflamación,efficacy_results,
g0286,fragrance_reviews.csv,review,body,"Excelente. Excelente calidad, la fragancia dura todo el día",quality,Positive
g0287,wellness_post_purchase.csv,hesitation,¿Qué te causaba incertidumbre antes de comprar con nosotros?,Ninguno,no_concern,
g0288,fragrance_reviews.csv,review,body,Super recomendado,other,Positive
g0289,fragrance_reviews.csv,review,body,"Great quality, lasts all day",quality,Positive
g0290,fragrance_reviews.csv,review,body,Tardó tres semanas en llegar,shipping_delivery,Negative
g0291,wellness_post_purchase.csv,hesitation,¿Qué te causaba incertidumbre antes de comprar con nosotros?,ninguna.,no_concern,
g0292,wellness_post_purchase.csv,purchase_reason,¿Cuál es el problema más importante que esperas resolver con nuestros productos?,Tengo SOP y quiero regular mi ciclo,health_goal,
g0293,wellness_post_purchase.csv,purchase_reason,¿Cuál es el problema más importante que esperas resolver con nuestros productos?,Resistencia a la insulina,health_goal,
g0294,wellness_post_purchase.csv,hesitation,¿Qué te causaba incertidumbre antes de comprar con nosotros?,Que fuera puro marketing,efficacy_results,
g0295,wellness_post_purchase.csv,choice_driver,¿Qué te hizo comprar con nosotros antes que otra marca?,se nota la diferencia,efficacy_results,
g0296,wellness_post_purchase.csv,choice_driver,¿Qué te hizo comprar con nosotros antes que otra marca?,más barato que en la farmacia,price_value,
g0297,wellness_post_purchase.csv,purchase_reason,¿Cuál es el problema más importante que esperas resolver con nuestros productos?,Me duelen mucho las articulaciones,health_goal,
g0298,fragrance_reviews.csv,review,body,"Me encantó. great quality, lasts all day",quality,Positive
g0299,fragrance_reviews.csv,review,body,Excelente. Muy buen perfume y súper barato,price_value,Positive
g0300,wellness_post_purchase.csv,choice_driver,¿Qué te hizo comprar con nosotros antes que otra marca?,Sigo a la nutriologa en Instagram y la recomienda,social_proof,
g0301,wellness_post_purchase.csv,purchase_reason,¿Cuál es el problema más importante que esperas resolver con nuestros productos?,Controlar la ansiedad.,health_goal,
g0302,wellness_post_purchase.csv,purchase_reason,¿Cuál es el problema más importante que esperas resolver con nuestros productos?,Tener más energía en el día,health_goal,
g0303,wellness_post_purchase.csv,hesitation,¿Qué te causaba incertidumbre antes de comprar con nosotros?,que se perdiera el paquete,shipping_delivery,
g0304,apparel_pdp_poll.csv,pdp_blocker,"Cuéntanos, ¿cuál es?",Cómo realizo el pedido,payment_checkout,
g0305,wellness_post_purchase.csv,hesitation,¿Qué te causaba incertidumbre antes de comprar con nosotros?,Ninguno,no_concern,
g0306,wellness_post_purchase.csv,hesitation,¿Qué te causaba incertidumbre antes de comprar con nosotros?,that it wouldn't work,efficacy_results,
g0307,wellness_post_purchase.csv,choice_driver,¿Qué te hizo comprar con nosotros antes que otra marca?,más barato que en la farmacia,price_value,
g0308,wellness_post_purchase.csv,hesitation,¿Qué te causaba incertidumbre antes de comprar con nosotros?,Que fuera puro marketing.,efficacy_results,
g0309,wellness_post_purchase.csv,purchase_reason,¿Cuál es el problema más importante que esperas resolver con nuestros productos?,Mejorar mi salud en general,health_goal,
g0310,fragrance_reviews.csv,review,body,Huele delicioso y dura muchísimo,quality,Positive
g0311,wellness_post_purchase.csv,choice_driver,¿Qué te hizo comprar con nosotros antes que otra marca?,No tiene azucar ni cosas raras,ingredients_safety,
g0312,wellness_post_purchase.csv,hesitation,¿Qué te causaba incertidumbre antes de comprar con nosotros?,que no funcionaran,efficacy_results,
g0313,wellness_post_purchase.csv,purchase_reason,¿Cuál es el problema más importante que esperas resolver con nuestros productos?,La verdad no sé,other,
g0314,wellness_post_purchase.csv,hesitation,¿Qué te causaba incertidumbre antes de comprar con nosotros?,Que no funcione,efficacy_results,
g0315,apparel_pdp_poll.csv,pdp_blocker,"Cuéntanos, ¿cuál es?",Ya no hay en talla6?,stock_availability,
g0316,wellness_post_purchase.csv,hesitation,¿Qué te causaba incertidumbre antes de comprar con nosotros?,Que no llegara el pedido,shipping_delivery,
g0317,wellness_post_purchase.csv,hesitation,¿Qué te causaba incertidumbre antes de comprar con nosotros?,Nada,no_concern,
g0318,wellness_post_purchase.csv,hesitation,¿Qué te causaba incertidumbre antes de comprar con nosotros?,gastar y no ver ningún resultado,efficacy_results,
g0319,wellness_post_purchase.csv,purchase_reason,¿Cuál es el problema más importante que esperas resolver con nuestros productos?,Ninguno,no_concern,
g0320,fragrance_reviews.csv,review,body,"Me encantó. Me encantó, el aroma se mantiene horas",quality,Positive
g0321,wellness_post_purchase.csv,hesitation,¿Qué te causaba incertidumbre antes de comprar con nosotros?,que no funcionaran,efficacy_results,
g0322,wellness_post_purchase.csv,hesitation,¿Qué te causaba incertidumbre antes de comprar con nosotros?,que no llegara el pedido,shipping_delivery,
g0323,fragrance_reviews.csv,review,body,"Vale la pena, buen precio",price_value,Positive
g0324,wellness_post_purchase.csv,hesitation,¿Qué te causaba incertidumbre antes de comprar con nosotros?,E tiempo de entrega,shipping_delivery,
g0325,wellness_post_purchase.csv,hesitation,¿Qué te causaba incertidumbre antes de comprar con nosotros?,Que saliera muy caro con el envio,price_value,
g0326,wellness_post_purchase.csv,choice_driver,¿Qué te hizo comprar con nosotros antes que otra marca?,No tiene azúcar ni cosas raras,ingredients_safety,
g0327,fragrance_reviews.csv,review,body,Mi favorito,other,Positive
g0328,wellness_post_purchase.csv,choice_driver,¿Qué te hizo comprar con nosotros antes que otra marca?,ya lo habia comprado antes,repeat_loyalty,
g0329,wellness_post_purchase.csv,purchase_reason,¿Cuál es el problema más importante que esperas resolver con nuestros productos?,Controlar la ansiedad,health_goal,
g0330,wellness_post_purchase.csv,hesitation,¿Qué te causaba incertidumbre antes de comprar con nosotros?,que no funcionaran,efficacy_results,
g0331,wellness_post_purchase.csv,purchase_reason,¿Cuál es el problema más importante que esperas resolver con nuestros productos?,nada en especial,no_concern,
g0332,wellness_post_purchase.csv,choice_driver,¿Qué te hizo comprar con nosotros antes que otra marca?,A mi prima le dio resultado,efficacy_results,
g0333,wellness_post_purchase.csv,choice_driver,¿Qué te hizo comprar con nosotros antes que otra marca?,ya había probado otros y no me sirvieron,efficacy_results,
g0334,wellness_post_purchase.csv,choice_driver,¿Qué te hizo comprar con nosotros antes que otra marca?,siempre les compro,repeat_loyalty,
g0335,wellness_post_purchase.csv,purchase_reason,¿Cuál es el problema más importante que esperas resolver con nuestros productos?,I want to sleep better,health_goal,
g0336,wellness_post_purchase.csv,purchase_reason,¿Cuál es el problema más importante que esperas resolver con nuestros productos?,Me duelen mucho las articulaciones,health_goal,
g0337,wellness_post_purchase.csv,choice_driver,¿Qué te hizo comprar con nosotros antes que otra marca?,me gusta apoyar negocios locales,brand_values,
g0338,wellness_post_purchase.csv,choice_driver,¿Qué te hizo comprar con nosotros antes que otra marca?,Mi hermana los usa y le fue muy bien,social_proof,
g0339,fragrance_reviews.csv,review,body,Es parecido al original,quality,Neutral
g0340,wellness_post_purchase.csv,purchase_reason,¿Cuál es el problema más importante que esperas resolver con nuestros productos?,joint pain,health_goal,
g0341,wellness_post_purchase.csv,purchase_reason,¿Cuál es el problema más importante que esperas resolver con nuestros productos?,se me cae mucho el cabello,health_goal,
g0342,wellness_post_purchase.csv,choice_driver,¿Qué te hizo comprar con nosotros antes que otra marca?,ya habia probado otros y no me sirvieron,efficacy_results,
g0343,wellness_post_purchase.csv,choice_driver,¿Qué te hizo comprar con nosotros antes que otra marca?,Es una marca mexicana,brand_values,
g0344,wellness_post_purchase.csv,hesitation,¿Qué te causaba incertidumbre antes de comprar con nosotros?,Efectos secundarios,ingredients_safety,
g0345,wellness_post_purchase.csv,purchase_reason,¿Cuál es el problema más importante que esperas resolver con nuestros productos?,Controlar la ansiedad.,health_goal,
g0346,wellness_post_purchase.csv,purchase_reason,¿Cuál es el problema más importante que esperas resolver con nuestros productos?,colitis,health_goal,
g0347,wellness_post_purchase.csv,purchase_reason,¿Cuál es el problema más importante que esperas resolver con nuestros productos?,"Mejorar mi digestion, vivo inflamada",health_goal,
g0348,wellness_post_purchase.csv,hesitation,¿Qué te causaba incertidumbre antes de comprar con nosotros?,que no funcionaran,efficacy_results,
g0349,wellness_post_purchase.csv,choice_driver,¿Qué te hizo comprar con nosotros antes que otra marca?,estaba en promoción,price_value,
g0350,wellness_post_purchase.csv,choice_driver,¿Qué te hizo comprar con nosotros antes que otra marca?,Sigo a la nutrióloga en Instagram y la recomienda.,social_proof,
g0351,wellness_post_purchase.csv,purchase_reason,¿Cuál es el problema más importante que esperas resolver con nuestros productos?,Mejorar mi salud en general,health_goal,
g0352,wellness_post_purchase.csv,hesitation,¿Qué te causaba incertidumbre antes de comprar con nosotros?,ninguno.,no_concern,
g0353,wellness_post_purchase.csv,purchase_reason,¿Cuál es el problema más importante que esperas resolver con nuestros productos?,Se me cae mucho el cabello,health_goal,
g0354,wellness_post_purchase.csv,hesitation,¿Qué te causaba incertidumbre antes de comprar con nosotros?,Que fuera puro marketing,efficacy_results,
g0355,fragrance_reviews.csv,review,body,Me encanta 😍,other,Positive
g0356,wellness_post_purchase.csv,purchase_reason,¿Cuál es el problema más importante que esperas resolver con nuestros productos?,Bajar de peso despues del embarazo,health_goal,
g0357,wellness_post_purchase.csv,purchase_reason,¿Cuál es el problema más importante que esperas resolver con nuestros productos?,Tengo SOP y quiero regular mi ciclo,health_goal,
g0358,wellness_post_purchase.csv,purchase_reason,¿Cuál es el problema más importante que esperas resolver con nuestros productos?,controlar la ansiedad,health_goal,
g0359,wellness_post_purchase.csv,purchase_reason,¿Cuál es el problema más importante que esperas resolver con nuestros productos?,Mejorar mi salud en general,health_goal,
g0360,wellness_post_purchase.csv,hesitation,¿Qué te causaba incertidumbre antes de comprar con nosotros?,Que se perdiera el paquete,shipping_delivery,
g0361,wellness_post_purchase.csv,purchase_reason,¿Cuál es el problema más importante que esperas resolver con nuestros productos?,Se me cae mucho el cabello,health_goal,
g0362,wellness_post_purchase.csv,choice_driver,¿Qué te hizo comprar con nosotros antes que otra marca?,Por las reseñas,social_proof,
g0363,wellness_post_purchase.csv,hesitation,¿Qué te causaba incertidumbre antes de comprar con nosotros?,Que saliera muy caro con el envío,price_value,
g0364,apparel_pdp_poll.csv,pdp_blocker,"Cuéntanos, ¿cuál es?",Tienen tabla de medidas?,size_fit,
g0365,wellness_post_purchase.csv,hesitation,¿Qué te causaba incertidumbre antes de comprar con nosotros?,Niguno 😊,no_concern,
g0366,fragrance_reviews.csv,review,body,Excelente. Muy buen perfume y súper barato,price_value,Positive
g0367,wellness_post_purchase.csv,purchase_reason,¿Cuál es el problema más importante que esperas resolver con nuestros productos?,"Probar algo que sí funcione, ya intenté de todo",efficacy_results,
g0368,wellness_post_purchase.csv,hesitation,¿Qué te causaba incertidumbre antes de comprar con nosotros?,ninguna,no_concern,
g0369,wellness_post_purchase.csv,purchase_reason,¿Cuál es el problema más importante que esperas resolver con nuestros productos?,La verdad no sé,other,
g0370,wellness_post_purchase.csv,choice_driver,¿Qué te hizo comprar con nosotros antes que otra marca?,Se nota la diferencia,efficacy_results,
g0371,fragrance_reviews.csv,review,body,Reseña. el olor no se parece al original,quality,Negative
g0372,wellness_post_purchase.csv,choice_driver,¿Qué te hizo comprar con nosotros antes que otra marca?,sin quimicos,ingredients_safety,
g0373,fragrance_reviews.csv,review,body,Es parecido al original,quality,Neutral
g0374,wellness_post_purchase.csv,choice_driver,¿Qué te hizo comprar con nosotros antes que otra marca?,Es una marca mexicana,brand_values,
g0375,wellness_post_purchase.csv,choice_driver,¿Qué te hizo comprar con nosotros antes que otra marca?,Una compañera de trabajo los toma,social_proof,
g0376,wellness_post_purchase.csv,hesitation,¿Qué te causaba incertidumbre antes de comprar con nosotros?,que no me llegara,shipping_delivery,
g0377,wellness_post_purchase.csv,purchase_reason,¿Cuál es el problema más importante que esperas resolver con nuestros productos?,Cansancio todo el tiempo.,health_goal,
g0378,fragrance_reviews.csv,review,body,Excelente. Muy buen perfume y super barato,price_value,Positive
g0379,wellness_post_purchase.csv,purchase_reason,¿Cuál es el problema más importante que esperas resolver con nuestros productos?,I want to sleep better,health_goal,
g0380,wellness_post_purchase.csv,purchase_reason,¿Cuál es el problema más importante que esperas resolver con nuestros productos?,Acné hormonal,health_goal,
g0381,wellness_post_purchase.csv,hesitation,¿Qué te causaba incertidumbre antes de comprar con nosotros?,Queno me sirva como a los demás,efficacy_results,
g0382,fragrance_reviews.csv,review,body,Me encantó. Huele delicioso y dura muchisimo,quality,Positive
g0383,wellness_post_purchase.csv,choice_driver,¿Qué te hizo comprar con nosotros antes que otra marca?,Se nota la diferencia,efficacy_results,
g0384,wellness_post_purchase.csv,hesitation,¿Qué te causaba incertidumbre antes de comprar con nosotros?,que tardara mucho el envio,shipping_delivery,
g0385,wellness_post_purchase.csv,purchase_reason,¿Cuál es el problema más importante que esperas resolver con nuestros productos?,Dormr mejor,health_goal,
g0386,fragrance_reviews.csv,review,body,"Me encantó. Excelente calidad, la fragancia dura todo el dia",quality,Positive
g0387,fragrance_reviews.csv,review,body,Perfecto.,other,Positive
g0388,fragrance_reviews.csv,review,body,"Excelente. Vale la pena, uen precio",price_value,Positive
g0389,apparel_pdp_poll.csv,pdp_blocker,"Cuéntanos, ¿cuál es?",Está caro,price_value,
g0390,wellness_post_purchase.csv,hesitation,¿Qué te causaba incertidumbre antes de comprar con nosotros?,que saliera muy caro con el envío,price_value,
g0391,wellness_post_purchase.csv,choice_driver,¿Qué te hizo comprar con nosotros antes que otra marca?,estaba en promocion,price_value,
g0392,wellness_post_purchase.csv,choice_driver,¿Qué te hizo comprar con nosotros antes que otra marca?,Se nota la diferencia,efficacy_results,
g0393,wellness_post_purchase.csv,purchase_reason,¿Cuál es el problema más importante que esperas resolver con nuestros productos?,Resistencia a la insulina,health_goal,
g0394,wellness_post_purchase.csv,hesitation,¿Qué te causaba incertidumbre antes de comprar con nosotros?,gastar y no ver ningún resultado,efficacy_results,
g0395,wellness_post_purchase.csv,choice_driver,¿Qué te hizo comprar con nosotros antes que otra marca?,Que los ingredientes son naturales,ingredients_safety,
g0396,wellness_post_purchase.csv,choice_driver,¿Qué te hizo comprar con nosotros antes que otra marca?,El precio,price_value,
g0397,fragrance_reviews.csv,review,body,Excelente. Huele delicioso y dura muchisimo,quality,Positive
g0398,wellness_post_purchase.csv,hesitation,¿Qué te causaba incertidumbre antes de comprar con nosotros?,que fuera puro marketing,efficacy_results,
g0399,fragrance_reviews.csv,review,body,Reseña. Buen aroma aunque la fijación es regular,quality,Mixed
g0400,wellness_post_purchase.csv,purchase_reason,¿Cuál es el problema más importante que esperas resolver con nuestros productos?,Es un regalo para mi mamá,other,
